h5_num	sample	tx	weeks	celltype	subtype	n_cells	total_umis	prnp_umis	malat1_umis	rnaseh1_umis	subtype_fct	txc	prnp_rpm	total_umis_pseudocount	fit_resid	color	x	y	point_estimate	model
13	pbs0_03wk_cb_02	pbs0	3	glia	astrocyte	225	1690129	507	217049	12	astrocyte	_ctl	299.9771023395256	1690129	-0.0338873900049002	#A9A9A9	8	7	0.9666803563786894	3-aso6
13	pbs0_03wk_cb_02	pbs0	3	glia	Bergmann glia	315	2813626	641	513839	27	Bergmann glia	_ctl	227.81990214762018	2813626	0.1583421356464613	#A9A9A9	7	8	1.1715669609651114	3-aso6
13	pbs0_03wk_cb_02	pbs0	3	glia	microglia	5	13188	0	934	0	microglia	_ctl	0	13188	-1	#A9A9A9	11	4	0.36787944117144233	3-aso6
13	pbs0_03wk_cb_02	pbs0	3	glia	oligodendrocyte	178	1285432	342	175368	25	oligodendrocyte	_ctl	266.0584146030284	1285432	0.06849929473486731	#A9A9A9	9	6	1.0708998696823744	3-aso6
13	pbs0_03wk_cb_02	pbs0	3	glia	OPC	24	189519	29	20801	5	OPC	_ctl	153.0189585213092	189519	0.27527534029125766	#A9A9A9	10	5	1.3168932187162634	3-aso6
13	pbs0_03wk_cb_02	pbs0	3	neuron	Golgi	59	1218653	116	190515	19	Golgi	_ctl	95.18706309343185	1218653	0.5553645710829463	#A9A9A9	4	11	1.7425761618618874	3-aso6
13	pbs0_03wk_cb_02	pbs0	3	neuron	granule	4696	23057624	4367	1952731	197	granule	_ctl	189.39505648977536	23057624	0.18903890335003187	#A9A9A9	1	14	1.2080879502371082	3-aso6
13	pbs0_03wk_cb_02	pbs0	3	neuron	MLI	493	5844098	816	643303	81	MLI	_ctl	139.628048674064	5844098	0.024223670286019953	#A9A9A9	3	12	1.0245194468227032	3-aso6
13	pbs0_03wk_cb_02	pbs0	3	neuron	PLI	27	494573	75	50077	4	PLI	_ctl	151.64596530744703	494573	0.16809011673569016	#A9A9A9	5	10	1.1830432178371646	3-aso6
13	pbs0_03wk_cb_02	pbs0	3	neuron	Purkinje	120	6097495	336	2294356	43	Purkinje	_ctl	55.10459623173123	6097495	0.014844522386516852	#A9A9A9	2	13	1.0149552495276914	3-aso6
13	pbs0_03wk_cb_02	pbs0	3	neuron	UBC	12	126391	23	10083	1	UBC	_ctl	181.97498239589845	126391	0.6337338341636044	#A9A9A9	6	9	1.8846343704667297	3-aso6
13	pbs0_03wk_cb_02	pbs0	3	other	endothelial stalk	24	116557	20	9906	3	endothelial stalk	_ctl	171.5898659025198	116557	-0.01665974617923403	#A9A9A9	12	3	0.9834782599470049	3-aso6
13	pbs0_03wk_cb_02	pbs0	3	other	fibroblast	57	445181	61	55409	2	fibroblast	_ctl	137.02291876787194	445181	0.00946619169740683	#A9A9A9	13	2	1.009511137800896	3-aso6
13	pbs0_03wk_cb_02	pbs0	3	other	pericyte	12	52875	2	8557	0	pericyte	_ctl	37.825059101654844	52875	-0.40538716609452186	#A9A9A9	14	1	0.6667186300341335	3-aso6
14	pbs0_03wk_cb_21	pbs0	3	glia	astrocyte	251	1653902	548	213093	11	astrocyte	_ctl	331.3376487845108	1653902	0.06711305016384732	#A9A9A9	8	7	1.0694163690368461	3-aso6
14	pbs0_03wk_cb_21	pbs0	3	glia	Bergmann glia	302	2323105	444	403241	19	Bergmann glia	_ctl	191.1235178780124	2323105	-0.028239316301565755	#A9A9A9	7	8	0.9721556862568527	3-aso6
14	pbs0_03wk_cb_21	pbs0	3	glia	microglia	8	31111	0	2067	1	microglia	_ctl	0	31111	-1	#A9A9A9	11	4	0.36787944117144233	3-aso6
14	pbs0_03wk_cb_21	pbs0	3	glia	oligodendrocyte	216	1351069	309	182923	30	oligodendrocyte	_ctl	228.70778620484964	1351069	-0.0815020504994277	#A9A9A9	9	6	0.921730819843431	3-aso6
14	pbs0_03wk_cb_21	pbs0	3	glia	OPC	21	164053	21	17969	2	OPC	_ctl	128.00741223872774	164053	0.0668266061934639	#A9A9A9	10	5	1.0691100850348032	3-aso6
14	pbs0_03wk_cb_21	pbs0	3	neuron	Golgi	52	1041627	60	162726	11	Golgi	_ctl	57.602193491528155	1041627	-0.058775341293519356	#A9A9A9	4	11	0.9429185802321594	3-aso6
14	pbs0_03wk_cb_21	pbs0	3	neuron	granule	4972	23441680	3732	1960761	191	granule	_ctl	159.2036065674474	23441680	-5.056875782448124e-4	#A9A9A9	1	14	0.9994944402601689	3-aso6
14	pbs0_03wk_cb_21	pbs0	3	neuron	MLI	395	4833024	674	488866	62	MLI	_ctl	139.45720112294083	4833024	0.022970439953487458	#A9A9A9	3	12	1.0232362921877727	3-aso6
14	pbs0_03wk_cb_21	pbs0	3	neuron	PLI	39	426202	52	45176	6	PLI	_ctl	122.00787420049647	426202	-0.060204524870845814	#A9A9A9	5	10	0.9415719390105117	3-aso6
14	pbs0_03wk_cb_21	pbs0	3	neuron	Purkinje	110	5390082	233	1971126	29	Purkinje	_ctl	43.22754273497138	5390082	-0.20389154515656768	#A9A9A9	2	13	0.815550816827177	3-aso6
14	pbs0_03wk_cb_21	pbs0	3	neuron	UBC	7	75692	9	5476	0	UBC	_ctl	118.90292236960313	75692	0.06748589667965062	#A9A9A9	6	9	1.0698151715454276	3-aso6
14	pbs0_03wk_cb_21	pbs0	3	other	endothelial stalk	29	149190	19	12242	2	endothelial stalk	_ctl	127.35438032039681	149190	-0.27016267533777305	#A9A9A9	12	3	0.7632553214199723	3-aso6
14	pbs0_03wk_cb_21	pbs0	3	other	fibroblast	20	149137	18	19443	1	fibroblast	_ctl	120.69439508639707	149137	-0.11082822886374662	#A9A9A9	13	2	0.8950924867782962	3-aso6
14	pbs0_03wk_cb_21	pbs0	3	other	pericyte	16	63679	5	10080	1	pericyte	_ctl	78.51882096138445	63679	0.2343218954738681	#A9A9A9	14	1	1.2640513191247567	3-aso6
15	pbs0_03wk_cb_61	pbs0	3	glia	astrocyte	163	1351480	411	181613	13	astrocyte	_ctl	304.1110486281706	1351480	-0.02057351502126089	#A9A9A9	8	7	0.9796366758161996	3-aso6
15	pbs0_03wk_cb_61	pbs0	3	glia	Bergmann glia	158	1448192	290	248297	20	Bergmann glia	_ctl	200.24969064875376	1448192	0.018162382399407775	#A9A9A9	7	8	1.0183283215610976	3-aso6
15	pbs0_03wk_cb_61	pbs0	3	glia	microglia	15	70002	4	4846	2	microglia	_ctl	57.14122453644182	70002	0.15156827137955062	#A9A9A9	11	4	1.1636577436173252	3-aso6
15	pbs0_03wk_cb_61	pbs0	3	glia	oligodendrocyte	158	1303003	349	160729	16	oligodendrocyte	_ctl	267.84282154377235	1303003	0.07566553136959256	#A9A9A9	9	6	1.0786017553674916	3-aso6
15	pbs0_03wk_cb_61	pbs0	3	glia	OPC	11	96326	12	10285	1	OPC	_ctl	124.57695741544339	96326	0.03823685179706074	#A9A9A9	10	5	1.0389772873757428	3-aso6
15	pbs0_03wk_cb_61	pbs0	3	neuron	Golgi	23	557990	17	77203	4	Golgi	_ctl	30.466495815337193	557990	-0.5021749105788715	#A9A9A9	4	11	0.6052129432415867	3-aso6
15	pbs0_03wk_cb_61	pbs0	3	neuron	granule	2652	14541075	2232	1110265	143	granule	_ctl	153.49621675151252	14541075	-0.036337185260953905	#A9A9A9	1	14	0.964315085824734	3-aso6
15	pbs0_03wk_cb_61	pbs0	3	neuron	MLI	214	2936674	391	296234	35	MLI	_ctl	133.14382188829947	2936674	-0.023340544931120765	#A9A9A9	3	12	0.9769297386486021	3-aso6
15	pbs0_03wk_cb_61	pbs0	3	neuron	PLI	18	265507	36	24382	1	PLI	_ctl	135.5896454707409	265507	0.04441238832148949	#A9A9A9	5	10	1.0454133822769844	3-aso6
15	pbs0_03wk_cb_61	pbs0	3	neuron	Purkinje	22	1328809	79	466891	12	Purkinje	_ctl	59.45173459842611	1328809	0.09490444226950023	#A9A9A9	2	13	1.0995537792420695	3-aso6
15	pbs0_03wk_cb_61	pbs0	3	neuron	UBC	5	98657	13	11900	1	UBC	_ctl	131.76966662274344	98657	0.18300087101910723	#A9A9A9	6	9	1.20081545401358	3-aso6
15	pbs0_03wk_cb_61	pbs0	3	other	endothelial stalk	23	97409	23	8472	0	endothelial stalk	_ctl	236.11781252245686	97409	0.3531343968142058	#A9A9A9	12	3	1.423522447459877	3-aso6
15	pbs0_03wk_cb_61	pbs0	3	other	fibroblast	19	131545	19	16179	3	fibroblast	_ctl	144.4372648143221	131545	0.06408867189808319	#A9A9A9	13	2	1.0661869353893447	3-aso6
15	pbs0_03wk_cb_61	pbs0	3	other	pericyte	9	46815	5	7723	0	pericyte	_ctl	106.80337498664957	46815	0.678957256902285	#A9A9A9	14	1	1.97182055758816	3-aso6
16	pbs0_03wk_cb_62	pbs0	3	glia	astrocyte	227	1425841	437	174653	4	astrocyte	_ctl	306.4857862833233	1425841	-0.012925384626707068	#A9A9A9	8	7	0.9871577894193347	3-aso6
16	pbs0_03wk_cb_62	pbs0	3	glia	Bergmann glia	241	1785683	298	269377	11	Bergmann glia	_ctl	166.88292378882477	1785683	-0.15148974904213625	#A9A9A9	7	8	0.8594266921745803	3-aso6
16	pbs0_03wk_cb_62	pbs0	3	glia	microglia	32	120536	8	7736	3	microglia	_ctl	66.37021304838389	120536	0.337560266362104	#A9A9A9	11	4	1.401524070603969	3-aso6
16	pbs0_03wk_cb_62	pbs0	3	glia	oligodendrocyte	385	2333747	546	312027	58	oligodendrocyte	_ctl	233.95852249622604	2333747	-0.06041492182302235	#A9A9A9	9	6	0.9413738559830523	3-aso6
16	pbs0_03wk_cb_62	pbs0	3	glia	OPC	43	355733	31	34486	2	OPC	_ctl	87.14400969266275	355733	-0.2737330871345652	#A9A9A9	10	5	0.7605350447601523	3-aso6
16	pbs0_03wk_cb_62	pbs0	3	neuron	Golgi	46	1036166	56	144526	11	Golgi	_ctl	54.04539427080217	1036166	-0.11689373800193166	#A9A9A9	4	11	0.8896797272860923	3-aso6
16	pbs0_03wk_cb_62	pbs0	3	neuron	granule	7763	37665849	5088	2692725	269	granule	_ctl	135.08257838552902	37665849	-0.1519396343172482	#A9A9A9	1	14	0.859040135720281	3-aso6
16	pbs0_03wk_cb_62	pbs0	3	neuron	MLI	381	4181698	556	419325	69	MLI	_ctl	132.9603429037678	4181698	-0.02468643152584039	#A9A9A9	3	12	0.9756157864230575	3-aso6
16	pbs0_03wk_cb_62	pbs0	3	neuron	PLI	43	556402	62	44070	11	PLI	_ctl	111.43022490932815	556402	-0.14168145417958303	#A9A9A9	5	10	0.867897677634936	3-aso6
16	pbs0_03wk_cb_62	pbs0	3	neuron	Purkinje	75	3611512	219	1168640	21	Purkinje	_ctl	60.63942193740461	3611512	0.11677771732629297	#A9A9A9	2	13	1.12386958518722	3-aso6
16	pbs0_03wk_cb_62	pbs0	3	neuron	UBC	39	1072938	76	139037	8	UBC	_ctl	70.83354303790153	1072938	-0.3640710699290509	#A9A9A9	6	9	0.6948418106298856	3-aso6
16	pbs0_03wk_cb_62	pbs0	3	other	endothelial stalk	38	171175	30	13761	4	endothelial stalk	_ctl	175.25923762231633	171175	0.0043685406565233155	#A9A9A9	12	3	1.0043780966404245	3-aso6
16	pbs0_03wk_cb_62	pbs0	3	other	fibroblast	23	142061	20	22412	1	fibroblast	_ctl	140.78459253419305	142061	0.037178946070485545	#A9A9A9	13	2	1.0378787285419426	3-aso6
16	pbs0_03wk_cb_62	pbs0	3	other	pericyte	11	40366	1	6641	0	pericyte	_ctl	24.773324084625674	40366	-0.6105614428881708	#A9A9A9	14	1	0.5430458942142707	3-aso6
17	aso6_03wk_cb_42	aso6	3	glia	astrocyte	187	1329579	275	158200	10	astrocyte	aso6	206.83238829734825	1329579	0.44835461003056387	#41B6C4	8	7	0.7201139412453814	3-aso6
17	aso6_03wk_cb_42	aso6	3	glia	Bergmann glia	257	2107286	260	383861	17	Bergmann glia	aso6	123.38144893479101	2107286	0.42830791087612796	#41B6C4	7	8	0.674038929532065	3-aso6
17	aso6_03wk_cb_42	aso6	3	glia	microglia	10	35058	1	2084	0	microglia	aso6	28.524159963489076	35058	1.2316157942692632	#41B6C4	11	4	0.8827089448514783	3-aso6
17	aso6_03wk_cb_42	aso6	3	glia	oligodendrocyte	167	958492	96	143559	30	oligodendrocyte	aso6	100.15733047328511	958492	-0.007563055338588516	#41B6C4	9	6	0.40224667730529995	3-aso6
17	aso6_03wk_cb_42	aso6	3	glia	OPC	19	138550	9	14723	2	OPC	aso6	64.95849873691807	138550	0.5712006362117994	#41B6C4	10	5	0.6100035150390631	3-aso6
17	aso6_03wk_cb_42	aso6	3	neuron	Golgi	38	876155	38	136427	14	Golgi	aso6	43.37132128447592	876155	0.37386379290450256	#41B6C4	4	11	0.7496874346832223	3-aso6
17	aso6_03wk_cb_42	aso6	3	neuron	granule	4626	20944150	2771	1788413	126	granule	aso6	132.30424724803822	20944150	0.3469064189302633	#41B6C4	1	14	0.8724154181305925	3-aso6
17	aso6_03wk_cb_42	aso6	3	neuron	MLI	414	4949439	264	497361	64	MLI	aso6	53.33937846289246	4949439	0.2754288643349712	#41B6C4	3	12	0.40404625432087854	3-aso6
17	aso6_03wk_cb_42	aso6	3	neuron	PLI	30	338899	22	33750	3	PLI	aso6	64.91609594598981	338899	0.2697688891563404	#41B6C4	5	10	0.5157418107049828	3-aso6
17	aso6_03wk_cb_42	aso6	3	neuron	Purkinje	64	3479768	79	1220450	23	Purkinje	aso6	22.702662936149768	3479768	0.1951993970292535	#41B6C4	2	13	0.4252282844761476	3-aso6
17	aso6_03wk_cb_42	aso6	3	neuron	UBC	3	39108	4	2823	0	UBC	aso6	102.28086325048584	39108	0.8194937221562971	#41B6C4	6	9	1.1452888747899987	3-aso6
17	aso6_03wk_cb_42	aso6	3	other	endothelial stalk	28	129100	25	9159	1	endothelial stalk	aso6	193.64833462432222	129100	0.4520955928262694	#41B6C4	12	3	1.2010839490574954	3-aso6
17	aso6_03wk_cb_42	aso6	3	other	fibroblast	38	272557	35	31575	0	fibroblast	aso6	128.41350616568278	272557	0.2412995439030238	#41B6C4	13	2	0.9701250809927808	3-aso6
17	aso6_03wk_cb_42	aso6	3	other	pericyte	7	27198	0	4176	0	pericyte	aso6	0	27198	-1	#41B6C4	14	1	0.24837064568387007	3-aso6
18	aso6_03wk_cb_63	aso6	3	glia	astrocyte	153	1231567	162	123819	5	astrocyte	aso6	131.53973758634325	1231567	-0.07888611206529599	#41B6C4	8	7	0.4250338144297141	3-aso6
18	aso6_03wk_cb_63	aso6	3	glia	Bergmann glia	125	1101631	106	152113	10	Bergmann glia	aso6	96.22096691178807	1101631	0.11388842827492177	#41B6C4	7	8	0.4921917545554126	3-aso6
18	aso6_03wk_cb_63	aso6	3	glia	microglia	16	58876	1	3053	0	microglia	aso6	16.984849514233304	58876	0.3288264575632141	#41B6C4	11	4	0.35788302556677465	3-aso6
18	aso6_03wk_cb_63	aso6	3	glia	oligodendrocyte	213	1583287	215	180142	22	oligodendrocyte	aso6	135.7934474293037	1583287	0.3455473846492368	#41B6C4	9	6	0.5725934568738956	3-aso6
18	aso6_03wk_cb_63	aso6	3	glia	OPC	11	119992	4	12061	4	OPC	aso6	33.33555570371358	119992	-0.19368754899532165	#41B6C4	10	5	0.28388707456112927	3-aso6
18	aso6_03wk_cb_63	aso6	3	neuron	Golgi	32	906151	24	112805	12	Golgi	aso6	26.48565194984059	906151	-0.16101983597209624	#41B6C4	4	11	0.4391200056165373	3-aso6
18	aso6_03wk_cb_63	aso6	3	neuron	granule	3690	19655192	2085	1230630	134	granule	aso6	106.07884166178586	19655192	0.07992204119558192	#41B6C4	1	14	0.6679954283140985	3-aso6
18	aso6_03wk_cb_63	aso6	3	neuron	MLI	228	3014167	147	254242	35	MLI	aso6	48.76969325190011	3014167	0.16616046663365808	#41B6C4	3	12	0.36222333336775425	3-aso6
18	aso6_03wk_cb_63	aso6	3	neuron	PLI	24	328964	19	24800	3	PLI	aso6	57.75707980204521	328964	0.1297374247855931	#41B6C4	5	10	0.4483502831943965	3-aso6
18	aso6_03wk_cb_63	aso6	3	neuron	Purkinje	37	2021059	48	574900	12	Purkinje	aso6	23.74992516299623	2021059	0.2503333337651658	#41B6C4	2	13	0.44933113097275446	3-aso6
18	aso6_03wk_cb_63	aso6	3	neuron	UBC	15	494446	19	49683	5	UBC	aso6	38.426845398688634	494446	-0.3164175414323914	#41B6C4	6	9	0.3677858770461578	3-aso6
18	aso6_03wk_cb_63	aso6	3	other	endothelial stalk	17	70044	19	5287	0	endothelial stalk	aso6	271.25806635828906	70044	1.0340616067863366	#41B6C4	12	3	2.1494036980214926	3-aso6
18	aso6_03wk_cb_63	aso6	3	other	fibroblast	9	57303	7	5046	2	fibroblast	aso6	122.15765317697154	57303	0.18082780932089565	#41B6C4	13	2	0.9131985054795488	3-aso6
18	aso6_03wk_cb_63	aso6	3	other	pericyte	10	40271	2	6410	0	pericyte	aso6	49.663529587047755	40271	0.1563718121678156	#41B6C4	14	1	0.7894164342475581	3-aso6
19	aso6_03wk_cb_41	aso6	3	glia	astrocyte	192	1257300	146	137118	3	astrocyte	aso6	116.12184840531297	1257300	-0.1868506869373044	#41B6C4	8	7	0.38153559695616	3-aso6
19	aso6_03wk_cb_41	aso6	3	glia	Bergmann glia	271	2231256	176	317793	16	Bergmann glia	aso6	78.87933970821815	2231256	-0.08686446882725393	#41B6C4	7	8	0.4026692432035905	3-aso6
19	aso6_03wk_cb_41	aso6	3	glia	microglia	27	100945	1	4665	0	microglia	aso6	9.906384664916539	100945	-0.22496422293831456	#41B6C4	11	4	0.2056993235815206	3-aso6
19	aso6_03wk_cb_41	aso6	3	glia	oligodendrocyte	242	1711151	164	203488	35	oligodendrocyte	aso6	95.84192160715214	1711151	-0.0503234920418414	#41B6C4	9	6	0.3854089925976885	3-aso6
19	aso6_03wk_cb_41	aso6	3	glia	OPC	30	222053	11	17356	1	OPC	aso6	49.53772297604626	222053	0.198206599134537	#41B6C4	10	5	0.42009071768103173	3-aso6
19	aso6_03wk_cb_41	aso6	3	neuron	Golgi	49	1348207	32	172036	8	Golgi	aso6	23.73522760228956	1348207	-0.2481444223188779	#41B6C4	4	11	0.40248110460877223	3-aso6
19	aso6_03wk_cb_41	aso6	3	neuron	granule	5994	30188958	2891	1993911	182	granule	aso6	95.76349074386735	30188958	-0.025092065712226327	#41B6C4	1	14	0.6014041810735195	3-aso6
19	aso6_03wk_cb_41	aso6	3	neuron	MLI	559	7029957	285	573228	76	MLI	aso6	40.54078851406915	7029957	-0.030605654887498092	#41B6C4	3	12	0.29752398484936515	3-aso6
19	aso6_03wk_cb_41	aso6	3	neuron	PLI	35	417214	18	28948	4	PLI	aso6	43.14332692575034	417214	-0.15610984445833725	#41B6C4	5	10	0.3368802546601991	3-aso6
19	aso6_03wk_cb_41	aso6	3	neuron	Purkinje	54	2641081	52	701447	7	Purkinje	aso6	19.688907685905885	2641081	0.03653790132648943	#41B6C4	2	13	0.3628409808343193	3-aso6
19	aso6_03wk_cb_41	aso6	3	neuron	UBC	9	88753	8	5382	0	UBC	aso6	90.13779815893547	88753	0.6034784285846874	#41B6C4	6	9	0.9227855644662296	3-aso6
19	aso6_03wk_cb_41	aso6	3	other	endothelial stalk	44	160699	9	13099	1	endothelial stalk	aso6	56.00532672885332	160699	-0.5800372449598707	#41B6C4	12	3	0.4278817537603001	3-aso6
19	aso6_03wk_cb_41	aso6	3	other	fibroblast	24	127115	9	10962	1	fibroblast	aso6	70.80202965818353	127115	-0.31559748077653277	#41B6C4	13	2	0.5558664057669082	3-aso6
19	aso6_03wk_cb_41	aso6	3	other	pericyte	13	70536	5	8612	0	pericyte	aso6	70.88578881705796	70536	0.6505135408801923	#41B6C4	14	1	1.2939252546632065	3-aso6
20	aso6_03wk_cb_65	aso6	3	glia	astrocyte	111	678416	77	33059	8	astrocyte	aso6	113.49968161128275	678416	-0.2052125469712517	#41B6C4	8	7	0.37459382072709924	3-aso6
20	aso6_03wk_cb_65	aso6	3	glia	Bergmann glia	185	1513161	70	117541	17	Bergmann glia	aso6	46.2607746300625	1513161	-0.4644686787371304	#41B6C4	7	8	0.2760304756327642	3-aso6
20	aso6_03wk_cb_65	aso6	3	glia	microglia	12	40436	0	1097	3	microglia	aso6	0	40436	-1	#41B6C4	11	4	0.09476306571823959	3-aso6
20	aso6_03wk_cb_65	aso6	3	glia	oligodendrocyte	77	543784	35	36855	12	oligodendrocyte	aso6	64.36379150545069	543784	-0.3622333553954752	#41B6C4	9	6	0.28213769319397286	3-aso6
20	aso6_03wk_cb_65	aso6	3	glia	OPC	13	116212	1	4940	4	OPC	aso6	8.60496334285616	116212	-0.7918652040646549	#41B6C4	10	5	0.15608471102102534	3-aso6
20	aso6_03wk_cb_65	aso6	3	neuron	Golgi	25	510411	18	30248	2	Golgi	aso6	35.265697643663636	510411	0.117103737890713	#41B6C4	4	11	0.5799235653024376	3-aso6
20	aso6_03wk_cb_65	aso6	3	neuron	granule	3738	17684848	1038	710014	141	granule	aso6	58.69431278120117	17684848	-0.4024700772342527	#41B6C4	1	14	0.41235688958603967	3-aso6
20	aso6_03wk_cb_65	aso6	3	neuron	MLI	289	3933457	97	184459	47	MLI	aso6	24.660241614437375	3933457	-0.4103346371310101	#41B6C4	3	12	0.20352032170087736	3-aso6
20	aso6_03wk_cb_65	aso6	3	neuron	PLI	22	306940	12	11846	2	PLI	aso6	39.09558871440672	306940	-0.23528423067666027	#41B6C4	5	10	0.3112365249699459	3-aso6
20	aso6_03wk_cb_65	aso6	3	neuron	Purkinje	37	1769978	15	272816	17	Purkinje	aso6	8.474681606212055	1769978	-0.5538437770825948	#41B6C4	2	13	0.20105590235273127	3-aso6
20	aso6_03wk_cb_65	aso6	3	other	endothelial stalk	18	74298	3	4357	3	endothelial stalk	aso6	40.37793749495276	74298	-0.6972211240670736	#41B6C4	12	3	0.3805672877626766	3-aso6
20	aso6_03wk_cb_65	aso6	3	other	fibroblast	13	64819	5	5163	0	fibroblast	aso6	77.13787623999136	64819	-0.25435249411531324	#41B6C4	13	2	0.5909745622744182	3-aso6
20	aso6_03wk_cb_65	aso6	3	other	pericyte	7	21607	0	3109	0	pericyte	aso6	0	21607	-1	#41B6C4	14	1	0.24837064568387007	3-aso6
1	pbs0_12wk_cb_a2	pbs0	12	glia	astrocyte	234	1149082	436	160728	11	astrocyte	_ctl	379.43332155581584	1149082	0.043085562981561125	#A9A9A9	8	7	1.0440272211109167	12-aso6
1	pbs0_12wk_cb_a2	pbs0	12	glia	Bergmann glia	534	2977366	659	523981	41	Bergmann glia	_ctl	221.33657736401906	2977366	-0.041320437735342615	#A9A9A9	7	8	0.9595216137476112	12-aso6
1	pbs0_12wk_cb_a2	pbs0	12	glia	microglia	18	46763	4	3453	3	microglia	_ctl	85.53771143853047	46763	0.01873497026679282	#A9A9A9	11	4	1.0189115709678698	12-aso6
1	pbs0_12wk_cb_a2	pbs0	12	glia	oligodendrocyte	137	635931	184	102525	13	oligodendrocyte	_ctl	289.33956671399886	635931	0.005946101387175769	#A9A9A9	9	6	1.0059638145386907	12-aso6
1	pbs0_12wk_cb_a2	pbs0	12	glia	OPC	21	122025	17	14920	2	OPC	_ctl	139.31571399303422	122025	-0.12200847383294823	#A9A9A9	10	5	0.8851408679349974	12-aso6
1	pbs0_12wk_cb_a2	pbs0	12	neuron	Golgi	93	1403880	92	219998	17	Golgi	_ctl	65.53266660968174	1403880	-0.09170013819844908	#A9A9A9	4	11	0.912378696049461	12-aso6
1	pbs0_12wk_cb_a2	pbs0	12	neuron	granule	5419	17921925	3145	1750982	174	granule	_ctl	175.483381388997	17921925	-0.052059428041069694	#A9A9A9	1	14	0.9492724517643376	12-aso6
1	pbs0_12wk_cb_a2	pbs0	12	neuron	MLI	430	3542550	521	419857	53	MLI	_ctl	147.06920156384524	3542550	-0.03606080871337544	#A9A9A9	3	12	0.964581636731445	12-aso6
1	pbs0_12wk_cb_a2	pbs0	12	neuron	PLI	13	111298	13	12514	2	PLI	_ctl	116.80353645168826	111298	-0.0025023163554572145	#A9A9A9	5	10	0.997500811828335	12-aso6
1	pbs0_12wk_cb_a2	pbs0	12	neuron	Purkinje	273	8919279	359	3215329	75	Purkinje	_ctl	40.24989015367722	8919279	-0.0472929460432066	#A9A9A9	2	13	0.9538079423970188	12-aso6
1	pbs0_12wk_cb_a2	pbs0	12	neuron	UBC	3	21137	8	1788	0	UBC	_ctl	378.4832284619388	21137	1.3485400331191666	#A9A9A9	6	9	3.851797926234547	12-aso6
1	pbs0_12wk_cb_a2	pbs0	12	other	endothelial stalk	116	712019	115	57206	12	endothelial stalk	_ctl	161.51254390683394	712019	-0.09775434533342058	#A9A9A9	12	3	0.9068716536467324	12-aso6
1	pbs0_12wk_cb_a2	pbs0	12	other	fibroblast	80	384952	46	57829	5	fibroblast	_ctl	119.49541761050729	384952	-0.013468157969336385	#A9A9A9	13	2	0.9866221318697389	12-aso6
1	pbs0_12wk_cb_a2	pbs0	12	other	pericyte	28	89745	3	17551	0	pericyte	_ctl	33.42804613070366	89745	-0.4335922468893585	#A9A9A9	14	1	0.6481764975920569	12-aso6
2	pbs0_12wk_cb_a4	pbs0	12	glia	astrocyte	154	864121	349	114929	13	astrocyte	_ctl	403.8786234798136	864121	0.1102872030881664	#A9A9A9	8	7	1.1165987150108083	12-aso6
2	pbs0_12wk_cb_a4	pbs0	12	glia	Bergmann glia	218	1289523	350	225932	12	Bergmann glia	_ctl	271.4181910675498	1289523	0.17559906140304743	#A9A9A9	7	8	1.1919600600389308	12-aso6
2	pbs0_12wk_cb_a4	pbs0	12	glia	microglia	13	42274	5	4422	0	microglia	_ctl	118.27600889435587	42274	0.40864075479567724	#A9A9A9	11	4	1.504771041592929	12-aso6
2	pbs0_12wk_cb_a4	pbs0	12	glia	oligodendrocyte	211	1097441	398	163304	7	oligodendrocyte	_ctl	362.66186519366414	1097441	0.2608655413311537	#A9A9A9	9	6	1.2980531192048261	12-aso6
2	pbs0_12wk_cb_a4	pbs0	12	glia	OPC	15	71145	13	8078	2	OPC	_ctl	182.72541991707078	71145	0.151566938891947	#A9A9A9	10	5	1.16365619305884	12-aso6
2	pbs0_12wk_cb_a4	pbs0	12	neuron	Golgi	38	646484	80	84834	12	Golgi	_ctl	123.7462953452831	646484	0.715155948559689	#A9A9A9	4	11	2.044505495085945	12-aso6
2	pbs0_12wk_cb_a4	pbs0	12	neuron	granule	5079	18677285	3784	1674165	191	granule	_ctl	202.59903942141483	18677285	0.09441616515093941	#A9A9A9	1	14	1.0990170233445142	12-aso6
2	pbs0_12wk_cb_a4	pbs0	12	neuron	MLI	230	2327995	401	240874	42	MLI	_ctl	172.25122906191808	2327995	0.1289903574270231	#A9A9A9	3	12	1.1376791539585749	12-aso6
2	pbs0_12wk_cb_a4	pbs0	12	neuron	PLI	9	94492	10	9189	1	PLI	_ctl	105.8290648943826	94492	-0.09622387899121873	#A9A9A9	5	10	0.9082606528264583	12-aso6
2	pbs0_12wk_cb_a4	pbs0	12	neuron	Purkinje	64	2400945	144	823703	18	Purkinje	_ctl	59.97638429868239	2400945	0.41962932504942174	#A9A9A9	2	13	1.521397507140002	12-aso6
2	pbs0_12wk_cb_a4	pbs0	12	neuron	UBC	2	14301	2	1170	0	UBC	_ctl	139.8503601146773	14301	-0.13220944898888437	#A9A9A9	6	9	0.8761574655647426	12-aso6
2	pbs0_12wk_cb_a4	pbs0	12	other	endothelial stalk	53	298447	64	22732	4	endothelial stalk	_ctl	214.44343551786415	298447	0.19792960464650966	#A9A9A9	12	3	1.218876587553255	12-aso6
2	pbs0_12wk_cb_a4	pbs0	12	other	fibroblast	11	50339	3	7053	1	fibroblast	_ctl	59.59593952998669	50339	-0.5079870577656685	#A9A9A9	13	2	0.601705559126061	12-aso6
2	pbs0_12wk_cb_a4	pbs0	12	other	pericyte	11	35339	3	7091	0	pericyte	_ctl	84.89204561532584	35339	0.4384182858290973	#A9A9A9	14	1	1.550253220773674	12-aso6
4	aso6_12wk_cb_c4	aso6	12	glia	astrocyte	245	1249991	304	158723	8	astrocyte	aso6	243.2017510526076	1249991	0.14524842142236827	#41B6C4	8	7	0.6750439518439869	12-aso6
4	aso6_12wk_cb_c4	aso6	12	glia	Bergmann glia	486	2980749	554	524877	36	Bergmann glia	aso6	185.85932596136072	2980749	0.12030796747230728	#41B6C4	7	8	0.8104314731547343	12-aso6
4	aso6_12wk_cb_c4	aso6	12	glia	microglia	29	87936	5	6039	1	microglia	aso6	56.85953420669578	87936	-0.18030719642642085	#41B6C4	11	4	0.6898415404603606	12-aso6
4	aso6_12wk_cb_c4	aso6	12	glia	oligodendrocyte	177	874801	160	116467	22	oligodendrocyte	aso6	182.89873925612795	874801	0.279177370333763	#41B6C4	9	6	0.6571916253145162	12-aso6
4	aso6_12wk_cb_c4	aso6	12	glia	OPC	23	139270	15	14769	0	OPC	aso6	107.70445896460113	139270	0.015061313243706	#41B6C4	10	5	0.6788482020300173	12-aso6
4	aso6_12wk_cb_c4	aso6	12	neuron	Golgi	70	1120590	75	156063	17	Golgi	aso6	66.9290284582229	1120590	0.16768865282193465	#41B6C4	4	11	0.9394747783839047	12-aso6
4	aso6_12wk_cb_c4	aso6	12	neuron	granule	6443	23532383	4283	2007803	193	granule	aso6	182.00451692461405	23532383	0.07075733823954844	#41B6C4	1	14	0.9855206886508843	12-aso6
4	aso6_12wk_cb_c4	aso6	12	neuron	MLI	378	3552723	280	362005	43	MLI	aso6	78.81278669910375	3552723	0.05816882615455043	#41B6C4	3	12	0.5174066715101434	12-aso6
4	aso6_12wk_cb_c4	aso6	12	neuron	PLI	18	169034	12	15771	1	PLI	aso6	70.9916348190305	169034	0.10301194148547974	#41B6C4	5	10	0.6092848573305376	12-aso6
4	aso6_12wk_cb_c4	aso6	12	neuron	Purkinje	201	6867739	186	2433638	43	Purkinje	aso6	27.083149199467247	6867739	0.09419402642263024	#41B6C4	2	13	0.643735485501451	12-aso6
4	aso6_12wk_cb_c4	aso6	12	neuron	UBC	1	8524	1	641	0	UBC	aso6	117.31581417175035	8524	-0.143156915228238	#41B6C4	6	9	0.7362652995784295	12-aso6
4	aso6_12wk_cb_c4	aso6	12	other	endothelial stalk	142	819425	122	67843	16	endothelial stalk	aso6	148.88488879397138	819425	0.05338004043880877	#41B6C4	12	3	0.8328498932495676	12-aso6
4	aso6_12wk_cb_c4	aso6	12	other	fibroblast	108	634747	65	95053	9	fibroblast	aso6	102.40300466169985	634747	0.08965462115615316	#41B6C4	13	2	0.8486335515057892	12-aso6
4	aso6_12wk_cb_c4	aso6	12	other	pericyte	30	98037	7	19071	2	pericyte	aso6	71.40161367646908	98037	0.6661772170477729	#41B6C4	14	1	1.4135856284615644	12-aso6
6	pbs0_12wk_cb_a1	pbs0	12	glia	astrocyte	211	727306	253	93130	12	astrocyte	_ctl	347.8590854468408	727306	-0.043713956133940905	#A9A9A9	8	7	0.9572277274359254	12-aso6
6	pbs0_12wk_cb_a1	pbs0	12	glia	Bergmann glia	465	1996747	483	343911	18	Bergmann glia	_ctl	241.89343967963893	1996747	0.04771791282097711	#A9A9A9	7	8	1.0488747394729925	12-aso6
6	pbs0_12wk_cb_a1	pbs0	12	glia	microglia	19	36418	4	3511	2	microglia	_ctl	109.8357954857488	36418	0.30811970494222723	#A9A9A9	11	4	1.3608638813197365	12-aso6
6	pbs0_12wk_cb_a1	pbs0	12	glia	oligodendrocyte	117	370220	84	54326	12	oligodendrocyte	_ctl	226.8921181999892	370220	-0.21116477662951216	#A9A9A9	9	6	0.80964064603249	12-aso6
6	pbs0_12wk_cb_a1	pbs0	12	glia	OPC	24	102066	19	11322	0	OPC	_ctl	186.1540571786883	102066	0.17317479902286717	#A9A9A9	10	5	1.1890739358813018	12-aso6
6	pbs0_12wk_cb_a1	pbs0	12	neuron	Golgi	70	775170	44	126672	10	Golgi	_ctl	56.76174258549737	775170	-0.21326743419280453	#A9A9A9	4	11	0.8079400375297825	12-aso6
6	pbs0_12wk_cb_a1	pbs0	12	neuron	granule	5348	15032369	2894	1419981	130	granule	_ctl	192.51789255572425	15032369	0.039958996328320354	#A9A9A9	1	14	1.0407680980040688	12-aso6
6	pbs0_12wk_cb_a1	pbs0	12	neuron	MLI	410	2597031	394	305566	36	MLI	_ctl	151.7117046350236	2597031	-0.00563233960909079	#A9A9A9	3	12	0.9943834922781776	12-aso6
6	pbs0_12wk_cb_a1	pbs0	12	neuron	PLI	31	239197	27	27196	5	PLI	_ctl	112.87766987044152	239197	-0.03602906511713515	#A9A9A9	5	10	0.9646122565074506	12-aso6
6	pbs0_12wk_cb_a1	pbs0	12	neuron	Purkinje	204	4852105	152	1795928	30	Purkinje	_ctl	31.32660979100823	4852105	-0.258505252797098	#A9A9A9	2	13	0.7722049748024808	12-aso6
6	pbs0_12wk_cb_a1	pbs0	12	neuron	UBC	4	26488	3	2554	0	UBC	_ctl	113.25883418906675	26488	-0.2972134927131174	#A9A9A9	6	9	0.742885394812223	12-aso6
6	pbs0_12wk_cb_a1	pbs0	12	other	endothelial stalk	61	231129	38	24096	4	endothelial stalk	_ctl	164.41035092956747	231129	-0.08156653891863365	#A9A9A9	12	3	0.9216713807965115	12-aso6
6	pbs0_12wk_cb_a1	pbs0	12	other	fibroblast	74	256667	29	39380	4	fibroblast	_ctl	112.98686625082306	256667	-0.06720154197866463	#A9A9A9	13	2	0.9350067392376116	12-aso6
6	pbs0_12wk_cb_a1	pbs0	12	other	pericyte	34	76831	5	15858	0	pericyte	_ctl	65.07789824419831	76831	0.10268563042943887	#A9A9A9	14	1	1.108142987877146	12-aso6
7	pbs0_12wk_cb_a3	pbs0	12	glia	astrocyte	203	896422	289	85676	14	astrocyte	_ctl	322.3928016046014	896422	-0.11372233839649727	#A9A9A9	8	7	0.8925057360551049	12-aso6
7	pbs0_12wk_cb_a3	pbs0	12	glia	Bergmann glia	350	1870128	361	259273	37	Bergmann glia	_ctl	193.03491525713747	1870128	-0.16390399515325907	#A9A9A9	7	8	0.8488235091394633	12-aso6
7	pbs0_12wk_cb_a3	pbs0	12	glia	microglia	16	53468	2	3440	2	microglia	_ctl	37.40555098376599	53468	-0.5545082721012009	#A9A9A9	11	4	0.5743546179588523	12-aso6
7	pbs0_12wk_cb_a3	pbs0	12	glia	oligodendrocyte	91	424742	100	53131	14	oligodendrocyte	_ctl	235.43704178065744	424742	-0.18145666356276008	#A9A9A9	9	6	0.8340543894659981	12-aso6
7	pbs0_12wk_cb_a3	pbs0	12	glia	OPC	16	70512	9	6133	1	OPC	_ctl	127.63784887678693	70512	-0.19560438287950113	#A9A9A9	10	5	0.8223375011277305	12-aso6
7	pbs0_12wk_cb_a3	pbs0	12	neuron	Golgi	58	867977	46	114524	12	Golgi	_ctl	52.99679599805064	867977	-0.26545057646345444	#A9A9A9	4	11	0.7668603428992287	12-aso6
7	pbs0_12wk_cb_a3	pbs0	12	neuron	granule	5586	19153945	3255	1547169	216	granule	_ctl	169.93888204231556	19153945	-0.08201016092709745	#A9A9A9	1	14	0.9212625977666974	12-aso6
7	pbs0_12wk_cb_a3	pbs0	12	neuron	MLI	325	2612042	366	268736	31	MLI	_ctl	140.12025840319566	2612042	-0.08160643335366072	#A9A9A9	3	12	0.9216346119709347	12-aso6
7	pbs0_12wk_cb_a3	pbs0	12	neuron	PLI	27	203362	26	17186	6	PLI	_ctl	127.85082758824166	203362	0.09184112267061068	#A9A9A9	5	10	1.0961906484023392	12-aso6
7	pbs0_12wk_cb_a3	pbs0	12	neuron	Purkinje	162	4788915	204	1548811	35	Purkinje	_ctl	42.598375623706	4788915	0.00829524723803659	#A9A9A9	2	13	1.0083297481332432	12-aso6
7	pbs0_12wk_cb_a3	pbs0	12	neuron	UBC	4	31453	2	2481	1	UBC	_ctl	63.586939242679556	31453	-0.6054343728734946	#A9A9A9	6	9	0.5458372782310147	12-aso6
7	pbs0_12wk_cb_a3	pbs0	12	other	endothelial stalk	68	247871	46	19918	5	endothelial stalk	_ctl	185.58040270947387	247871	0.03669416557813137	#A9A9A9	12	3	1.0373757071182543	12-aso6
7	pbs0_12wk_cb_a3	pbs0	12	other	fibroblast	62	316146	45	38727	5	fibroblast	_ctl	142.33929893150633	316146	0.17512665821174508	#A9A9A9	13	2	1.191397107283472	12-aso6
7	pbs0_12wk_cb_a3	pbs0	12	other	pericyte	23	69811	5	12279	0	pericyte	_ctl	71.62195069544914	69811	0.21356863061013664	#A9A9A9	14	1	1.2380884661191878	12-aso6
10	aso6_12wk_cb_c1	aso6	12	glia	astrocyte	174	901650	193	105003	10	astrocyte	aso6	214.05201574890478	901650	0.007980954403907864	#41B6C4	8	7	0.5884608124288232	12-aso6
10	aso6_12wk_cb_c1	aso6	12	glia	Bergmann glia	382	2158839	328	372248	28	Bergmann glia	aso6	151.93351611676462	2158839	-0.08418731343575445	#41B6C4	7	8	0.6605491323786887	12-aso6
10	aso6_12wk_cb_c1	aso6	12	glia	microglia	20	57858	2	4447	1	microglia	aso6	34.56738912509938	57858	-0.5016730175599143	#41B6C4	11	4	0.500244059623199	12-aso6
10	aso6_12wk_cb_c1	aso6	12	glia	oligodendrocyte	141	581075	75	80272	12	oligodendrocyte	aso6	129.07111818612054	581075	-0.09728818132447443	#41B6C4	9	6	0.451019281538219	12-aso6
10	aso6_12wk_cb_c1	aso6	12	glia	OPC	25	155664	12	15212	1	OPC	aso6	77.08911501695961	155664	-0.27347317763669926	#41B6C4	10	5	0.5087023394052659	12-aso6
10	aso6_12wk_cb_c1	aso6	12	neuron	Golgi	43	614751	34	96655	2	Golgi	aso6	55.30694541367155	614751	-0.03507799127701225	#41B6C4	4	11	0.7670517951424689	12-aso6
10	aso6_12wk_cb_c1	aso6	12	neuron	granule	6360	21873429	3445	1911624	232	granule	aso6	157.49702527207782	21873429	-0.0734235698621274	#41B6C4	1	14	0.8531959257439575	12-aso6
10	aso6_12wk_cb_c1	aso6	12	neuron	MLI	399	3182139	218	371034	53	MLI	aso6	68.50737821320816	3182139	-0.0801952954212617	#41B6C4	3	12	0.450548190464459	12-aso6
10	aso6_12wk_cb_c1	aso6	12	neuron	PLI	28	243130	21	25887	7	PLI	aso6	86.37354501706906	243130	0.34200391109632117	#41B6C4	5	10	0.773772477756262	12-aso6
10	aso6_12wk_cb_c1	aso6	12	neuron	Purkinje	140	4162196	106	1579564	28	Purkinje	aso6	25.467325421484237	4162196	0.028912669642471515	#41B6C4	2	13	0.6030538813149517	12-aso6
10	aso6_12wk_cb_c1	aso6	12	neuron	UBC	29	386352	58	29917	4	UBC	aso6	150.12216838530665	386352	0.09645185314552705	#41B6C4	6	9	0.9356105244605712	12-aso6
10	aso6_12wk_cb_c1	aso6	12	other	endothelial stalk	86	408081	57	33424	6	endothelial stalk	aso6	139.67815213156211	408081	-0.0117588243332811	#41B6C4	12	3	0.7803281692240909	12-aso6
10	aso6_12wk_cb_c1	aso6	12	other	fibroblast	149	768813	64	117251	9	fibroblast	aso6	83.24521047380833	768813	-0.1142005199791946	#41B6C4	13	2	0.6921289819370227	12-aso6
10	aso6_12wk_cb_c1	aso6	12	other	pericyte	34	111768	3	21813	1	pericyte	aso6	26.84131415074082	111768	-0.3736502046546197	#41B6C4	14	1	0.49972469292487265	12-aso6
11	aso6_12wk_cb_c2	aso6	12	glia	astrocyte	207	883123	156	108816	9	astrocyte	aso6	176.64583529134674	883123	-0.1681664990377082	#41B6C4	8	7	0.49342105779444656	12-aso6
11	aso6_12wk_cb_c2	aso6	12	glia	Bergmann glia	470	2463263	357	396418	28	Bergmann glia	aso6	144.92971314877866	2463263	-0.12640427632989612	#41B6C4	7	8	0.6332431964393294	12-aso6
11	aso6_12wk_cb_c2	aso6	12	glia	microglia	28	84155	10	6372	0	microglia	aso6	118.82835244489335	84155	0.713041563188076	#41B6C4	11	4	1.6854884453488954	12-aso6
11	aso6_12wk_cb_c2	aso6	12	glia	oligodendrocyte	139	544008	68	69819	12	oligodendrocyte	aso6	124.99816179173835	544008	-0.12577407286883327	#41B6C4	9	6	0.4383528588693753	12-aso6
11	aso6_12wk_cb_c2	aso6	12	glia	OPC	25	124825	15	13484	4	OPC	aso6	120.16823552974164	124825	0.13252624951292719	#41B6C4	10	5	0.7634613320715544	12-aso6
11	aso6_12wk_cb_c2	aso6	12	neuron	Golgi	64	856975	43	130368	11	Golgi	aso6	50.176492896525566	856975	-0.12458730175284763	#41B6C4	4	11	0.7013766300402406	12-aso6
11	aso6_12wk_cb_c2	aso6	12	neuron	granule	6389	20642978	3402	1715846	206	granule	aso6	164.80180330570522	20642978	-0.030448566736477493	#41B6C4	1	14	0.8906612945895329	12-aso6
11	aso6_12wk_cb_c2	aso6	12	neuron	MLI	463	3304447	247	344744	49	MLI	aso6	74.74775658377938	3304447	0.003590269481530459	#41B6C4	3	12	0.48992416180241505	12-aso6
11	aso6_12wk_cb_c2	aso6	12	neuron	PLI	41	333090	14	27410	11	PLI	aso6	42.03068239815065	333090	-0.3469604593256098	#41B6C4	5	10	0.38850789974576	12-aso6
11	aso6_12wk_cb_c2	aso6	12	neuron	Purkinje	152	4325132	91	1510930	27	Purkinje	aso6	21.03982028756579	4325132	-0.149964226607997	#41B6C4	2	13	0.5042789826343835	12-aso6
11	aso6_12wk_cb_c2	aso6	12	neuron	UBC	4	29631	2	2154	1	UBC	aso6	67.49687826938005	29631	-0.5070209945938717	#41B6C4	6	9	0.5116938186938312	12-aso6
11	aso6_12wk_cb_c2	aso6	12	other	endothelial stalk	114	538814	79	44786	9	endothelial stalk	aso6	146.61831355532706	538814	0.0373437244910921	#41B6C4	12	3	0.819600568340168	12-aso6
11	aso6_12wk_cb_c2	aso6	12	other	fibroblast	186	937816	83	126158	14	fibroblast	aso6	88.50350175300912	937816	-0.058247851298279654	#41B6C4	13	2	0.7319593627215194	12-aso6
11	aso6_12wk_cb_c2	aso6	12	other	pericyte	25	84814	3	14699	3	pericyte	aso6	35.37151885301955	84814	-0.17459542143794177	#41B6C4	14	1	0.6097884634802716	12-aso6
12	aso6_12wk_cb_c3	aso6	12	glia	astrocyte	359	1232804	261	129955	12	astrocyte	aso6	211.71248633197166	1232804	-0.0030359990514732846	#41B6C4	8	7	0.5820133479682642	12-aso6
12	aso6_12wk_cb_c3	aso6	12	glia	Bergmann glia	824	3286649	588	475227	44	Bergmann glia	aso6	178.9056269775081	3286649	0.07839301736303093	#41B6C4	7	8	0.7771643437647038	12-aso6
12	aso6_12wk_cb_c3	aso6	12	glia	microglia	53	130434	8	8904	0	microglia	aso6	61.33370133554135	130434	-0.1158071499756663	#41B6C4	11	4	0.7358026661692997	12-aso6
12	aso6_12wk_cb_c3	aso6	12	glia	oligodendrocyte	195	615096	77	72514	18	oligodendrocyte	aso6	125.18371116053429	615096	-0.12447635723334692	#41B6C4	9	6	0.43892208549545203	12-aso6
12	aso6_12wk_cb_c3	aso6	12	glia	OPC	59	238834	28	21468	1	OPC	aso6	117.23623939640085	238834	0.10489363453908752	#41B6C4	10	5	0.7426537075482379	12-aso6
12	aso6_12wk_cb_c3	aso6	12	neuron	Golgi	114	1251341	69	171804	19	Golgi	aso6	55.140844901589574	1251341	-0.03797589204823145	#41B6C4	4	11	0.7648321728297003	12-aso6
12	aso6_12wk_cb_c3	aso6	12	neuron	granule	9414	22886260	4018	1777233	230	granule	aso6	175.5638535960004	22886260	0.032866039502715355	#41B6C4	1	14	0.9488766589658888	12-aso6
12	aso6_12wk_cb_c3	aso6	12	neuron	MLI	639	3648568	276	353497	58	MLI	aso6	75.64611650378998	3648568	0.01565197294154298	#41B6C4	3	12	0.49586926371150336	12-aso6
12	aso6_12wk_cb_c3	aso6	12	neuron	PLI	36	223693	15	20594	5	PLI	aso6	67.05618861564734	223693	0.04186608721024167	#41B6C4	5	10	0.5731457515652841	12-aso6
12	aso6_12wk_cb_c3	aso6	12	neuron	Purkinje	296	6155118	153	2100501	37	Purkinje	aso6	24.8573626045837	6155118	0.0042693881068962295	#41B6C4	2	13	0.588374274471034	12-aso6
12	aso6_12wk_cb_c3	aso6	12	neuron	UBC	4	17333	1	1432	1	UBC	aso6	57.69341718109963	17333	-0.5786228319047769	#41B6C4	6	9	0.47633652917095193	12-aso6
12	aso6_12wk_cb_c3	aso6	12	other	endothelial stalk	205	789219	103	64845	12	endothelial stalk	aso6	130.50876879548008	789219	-0.07663340944129131	#41B6C4	12	3	0.73131184978228	12-aso6
12	aso6_12wk_cb_c3	aso6	12	other	fibroblast	297	1234934	125	181149	17	fibroblast	aso6	101.21998422587765	1234934	0.0770662826686798	#41B6C4	13	2	0.8380176237421305	12-aso6
12	aso6_12wk_cb_c3	aso6	12	other	pericyte	61	125638	5	22365	5	pericyte	aso6	39.79687674111336	125638	-0.07132842072511981	#41B6C4	14	1	0.6761257750872962	12-aso6
1	pbs0_12wk_cb_a2	pbs0	12	glia	astrocyte	234	1149082	436	160728	11	astrocyte	_ctl	379.43332155581584	1149082	0.12688922753953122	#A9A9A9	8	7	1.1352912518106002	12-asom
1	pbs0_12wk_cb_a2	pbs0	12	glia	Bergmann glia	534	2977366	659	523981	41	Bergmann glia	_ctl	221.33657736401906	2977366	0.06326175348619933	#A9A9A9	7	8	1.0653056502076508	12-asom
1	pbs0_12wk_cb_a2	pbs0	12	glia	microglia	18	46763	4	3453	3	microglia	_ctl	85.53771143853047	46763	-0.12910131410058273	#A9A9A9	11	4	0.8788849175998107	12-asom
1	pbs0_12wk_cb_a2	pbs0	12	glia	oligodendrocyte	137	635931	184	102525	13	oligodendrocyte	_ctl	289.33956671399886	635931	0.10831572392904257	#A9A9A9	9	6	1.1143995324486566	12-asom
1	pbs0_12wk_cb_a2	pbs0	12	glia	OPC	21	122025	17	14920	2	OPC	_ctl	139.31571399303422	122025	0.1275930103458296	#A9A9A9	10	5	1.1360905315004262	12-asom
1	pbs0_12wk_cb_a2	pbs0	12	neuron	Golgi	93	1403880	92	219998	17	Golgi	_ctl	65.53266660968174	1403880	0.07464759355368003	#A9A9A9	4	11	1.077504364484992	12-asom
1	pbs0_12wk_cb_a2	pbs0	12	neuron	granule	5419	17921925	3145	1750982	174	granule	_ctl	175.483381388997	17921925	0.07785507678858812	#A9A9A9	1	14	1.0809659902551776	12-asom
1	pbs0_12wk_cb_a2	pbs0	12	neuron	MLI	430	3542550	521	419857	53	MLI	_ctl	147.06920156384524	3542550	0.0712787696456122	#A9A9A9	3	12	1.073880549445454	12-asom
1	pbs0_12wk_cb_a2	pbs0	12	neuron	PLI	13	111298	13	12514	2	PLI	_ctl	116.80353645168826	111298	0.10262463872851936	#A9A9A9	5	10	1.1080754024125505	12-asom
1	pbs0_12wk_cb_a2	pbs0	12	neuron	Purkinje	273	8919279	359	3215329	75	Purkinje	_ctl	40.24989015367722	8919279	0.032103131113849256	#A9A9A9	2	13	1.03262399547664	12-asom
1	pbs0_12wk_cb_a2	pbs0	12	neuron	UBC	3	21137	8	1788	0	UBC	_ctl	378.4832284619388	21137	-0.009836839599944771	#A9A9A9	6	9	0.9902113838550487	12-asom
1	pbs0_12wk_cb_a2	pbs0	12	other	endothelial stalk	116	712019	115	57206	12	endothelial stalk	_ctl	161.51254390683394	712019	-0.05787200146762733	#A9A9A9	12	3	0.9437707409756769	12-asom
1	pbs0_12wk_cb_a2	pbs0	12	other	fibroblast	80	384952	46	57829	5	fibroblast	_ctl	119.49541761050729	384952	0.061160628942149346	#A9A9A9	13	2	1.0630696602284038	12-asom
1	pbs0_12wk_cb_a2	pbs0	12	other	pericyte	28	89745	3	17551	0	pericyte	_ctl	33.42804613070366	89745	0.004824985974367508	#A9A9A9	14	1	1.0048366449631376	12-asom
2	pbs0_12wk_cb_a4	pbs0	12	glia	astrocyte	154	864121	349	114929	13	astrocyte	_ctl	403.8786234798136	864121	0.07150888508083525	#A9A9A9	8	7	1.0741276943703075	12-asom
2	pbs0_12wk_cb_a4	pbs0	12	glia	Bergmann glia	218	1289523	350	225932	12	Bergmann glia	_ctl	271.4181910675498	1289523	0.05853575377512886	#A9A9A9	7	8	1.0602828941330782	12-asom
2	pbs0_12wk_cb_a4	pbs0	12	glia	microglia	13	42274	5	4422	0	microglia	_ctl	118.27600889435587	42274	0.23372628281594096	#A9A9A9	11	4	1.263298658328216	12-asom
2	pbs0_12wk_cb_a4	pbs0	12	glia	oligodendrocyte	211	1097441	398	163304	7	oligodendrocyte	_ctl	362.66186519366414	1097441	0.022961653849375225	#A9A9A9	9	6	1.0232273019666727	12-asom
2	pbs0_12wk_cb_a4	pbs0	12	glia	OPC	15	71145	13	8078	2	OPC	_ctl	182.72541991707078	71145	0.04710885784216721	#A9A9A9	10	5	1.0482361115902559	12-asom
2	pbs0_12wk_cb_a4	pbs0	12	neuron	Golgi	38	646484	80	84834	12	Golgi	_ctl	123.7462953452831	646484	-0.1001098692829862	#A9A9A9	4	11	0.90473800965868445	12-asom
2	pbs0_12wk_cb_a4	pbs0	12	neuron	granule	5079	18677285	3784	1674165	191	granule	_ctl	202.59903942141483	18677285	-0.0111102892788676	#A9A9A9	1	14	0.9889512020455735	12-asom
2	pbs0_12wk_cb_a4	pbs0	12	neuron	MLI	230	2327995	401	240874	42	MLI	_ctl	172.25122906191808	2327995	-0.06475591519416915	#A9A9A9	3	12	0.9372962152235416	12-asom
2	pbs0_12wk_cb_a4	pbs0	12	neuron	PLI	9	94492	10	9189	1	PLI	_ctl	105.8290648943826	94492	-0.04634319388162718	#A9A9A9	5	10	0.9547142538695554	12-asom
2	pbs0_12wk_cb_a4	pbs0	12	neuron	Purkinje	64	2400945	144	823703	18	Purkinje	_ctl	59.97638429868239	2400945	-0.017763964032348877	#A9A9A9	2	13	0.9823928850496734	12-asom
2	pbs0_12wk_cb_a4	pbs0	12	neuron	UBC	2	14301	2	1170	0	UBC	_ctl	139.8503601146773	14301	-0.042360497935725085	#A9A9A9	6	9	0.9585241722952371	12-asom
2	pbs0_12wk_cb_a4	pbs0	12	other	endothelial stalk	53	298447	64	22732	4	endothelial stalk	_ctl	214.44343551786415	298447	-0.10683778674929972	#A9A9A9	12	3	0.8986714375827135	12-asom
2	pbs0_12wk_cb_a4	pbs0	12	other	fibroblast	11	50339	3	7053	1	fibroblast	_ctl	59.59593952998669	50339	-0.010282324756790582	#A9A9A9	13	2	0.9897703576240151	12-asom
2	pbs0_12wk_cb_a4	pbs0	12	other	pericyte	11	35339	3	7091	0	pericyte	_ctl	84.89204561532584	35339	0.030984297520945992	#A9A9A9	14	1	1.0314693071341683	12-asom
3	asom_12wk_cb_b4	asom	12	glia	astrocyte	146	710169	347	10522	4	astrocyte	asom	488.6160899729501	710169	-0.21905665406894256	#FF00FF	8	7	0.12277859804750846	12-asom
3	asom_12wk_cb_b4	asom	12	glia	Bergmann glia	388	2063945	589	72019	37	Bergmann glia	asom	285.3758215456323	2063945	-0.11048104582588876	#FF00FF	7	8	0.21221170224135175	12-asom
3	asom_12wk_cb_b4	asom	12	glia	microglia	23	65044	9	2556	1	microglia	asom	138.3678740544862	65044	-0.16676643947480746	#FF00FF	11	4	0.47079791594158193	12-asom
3	asom_12wk_cb_b4	asom	12	glia	oligodendrocyte	134	570951	164	8778	11	oligodendrocyte	asom	287.2400608808812	570951	-0.20088578310821026	#FF00FF	9	6	0.1081902208373648	12-asom
3	asom_12wk_cb_b4	asom	12	glia	OPC	24	128669	17	11065	2	OPC	asom	132.12195633757938	128669	0.042033170775396436	#FF00FF	10	5	0.7937488170438401	12-asom
3	asom_12wk_cb_b4	asom	12	neuron	Golgi	81	1203714	115	58321	18	Golgi	asom	95.5376443241501	1203714	-0.16143775836228205	#FF00FF	4	11	0.3371569715617726	12-asom
3	asom_12wk_cb_b4	asom	12	neuron	granule	6770	24500579	5439	1232283	237	granule	asom	221.994753675005	24500579	-0.038008004239766954	#FF00FF	1	14	0.5552893319211688	12-asom
3	asom_12wk_cb_b4	asom	12	neuron	MLI	413	3352538	612	24932	55	MLI	asom	182.54826641786013	3352538	-0.09591528359275366	#FF00FF	3	12	0.06755163915767455	12-asom
3	asom_12wk_cb_b4	asom	12	neuron	PLI	40	380184	58	4428	8	PLI	asom	152.55770889884897	380184	-0.2581039512716474	#FF00FF	5	10	0.11893139119033373	12-asom
3	asom_12wk_cb_b4	asom	12	neuron	Purkinje	147	3403721	219	131796	36	Purkinje	asom	64.34134877682395	3403721	-0.3400472711147857	#FF00FF	2	13	0.11955898521641521	12-asom
3	asom_12wk_cb_b4	asom	12	neuron	UBC	2	17908	5	551	0	UBC	asom	279.2048246593701	17908	-0.3186928123589647	#FF00FF	6	9	0.384359491098567	12-asom
3	asom_12wk_cb_b4	asom	12	other	endothelial stalk	77	404131	82	19609	6	endothelial stalk	asom	202.90450373764943	404131	0.005303755248059206	#FF00FF	12	3	0.5689829850440535	12-asom
3	asom_12wk_cb_b4	asom	12	other	fibroblast	122	766338	136	53470	11	fibroblast	asom	177.46738384368254	766338	-0.051494298485355784	#FF00FF	13	2	0.4935466560973506	12-asom
3	asom_12wk_cb_b4	asom	12	other	pericyte	16	40494	2	3762	0	pericyte	asom	49.390033091322174	40494	0.009712139637810872	#FF00FF	14	1	0.47736138507493764	12-asom
5	asom-12wk_cb_b1	asom	12	glia	astrocyte	497	2516220	2175	43934	24	astrocyte	asom	864.3918258339891	2516220	-0.07968801492237704	#FF00FF	8	7	0.1411398660719126	12-asom
5	asom-12wk_cb_b1	asom	12	glia	Bergmann glia	187	950782	466	36721	16	Bergmann glia	asom	490.12286728187956	950782	-0.015445439389197013	#FF00FF	7	8	0.233368786814087	12-asom
5	asom-12wk_cb_b1	asom	12	glia	microglia	96	295384	19	15990	2	microglia	asom	64.32305067302224	295384	0.14782225776294738	#FF00FF	11	4	0.64484994478248	12-asom
5	asom-12wk_cb_b1	asom	12	glia	oligodendrocyte	655	2633280	1060	45471	60	oligodendrocyte	asom	402.5397982743954	2633280	-0.10246874039519653	#FF00FF	9	6	0.11937956329315871	12-asom
5	asom-12wk_cb_b1	asom	12	glia	OPC	59	376361	89	28810	5	OPC	asom	236.47508641968747	376361	-0.07243853916311062	#FF00FF	10	5	0.7078946972462054	12-asom
5	asom-12wk_cb_b1	asom	12	neuron	Golgi	72	852060	153	41359	18	Golgi	asom	179.56481937891698	852060	-0.15989512509986525	#FF00FF	4	11	0.33767748249627766	12-asom
5	asom-12wk_cb_b1	asom	12	neuron	granule	4669	15964244	4162	882261	198	granule	asom	260.70761634562837	15964244	0.057026983337133706	#FF00FF	1	14	0.6106501958011026	12-asom
5	asom-12wk_cb_b1	asom	12	neuron	MLI	278	1951595	323	18615	32	MLI	asom	165.50565050638068	1951595	0.15957558389364204	#FF00FF	3	12	0.087215598556052	12-asom
5	asom-12wk_cb_b1	asom	12	neuron	PLI	23	200698	30	3385	4	PLI	asom	149.47832066089347	200698	0.07434782736329726	#FF00FF	5	10	0.1658358694304718	12-asom
5	asom-12wk_cb_b1	asom	12	neuron	Purkinje	50	1075135	84	70395	8	Purkinje	asom	78.12972324405773	1075135	0.11594647992974004	#FF00FF	2	13	0.18863305138190728	12-asom
5	asom-12wk_cb_b1	asom	12	neuron	UBC	253	3895151	501	328468	51	UBC	asom	128.62145780741236	3895151	0.8672704541192608	#FF00FF	6	9	1.2583310467531366	12-asom
5	asom-12wk_cb_b1	asom	12	other	endothelial stalk	108	501616	118	22341	9	endothelial stalk	asom	235.2397052725591	501616	-0.0772262075867199	#FF00FF	12	3	0.5239103425002619	12-asom
5	asom-12wk_cb_b1	asom	12	other	fibroblast	95	723803	86	37800	7	fibroblast	asom	118.81686038880746	723803	-0.2900601672238317	#FF00FF	13	2	0.38879473347168364	12-asom
5	asom-12wk_cb_b1	asom	12	other	pericyte	25	75032	10	5840	1	pericyte	asom	133.27646870668514	75032	-0.15406734645685635	#FF00FF	14	1	0.40524601966635593	12-asom
6	pbs0_12wk_cb_a1	pbs0	12	glia	astrocyte	211	727306	253	93130	12	astrocyte	_ctl	347.8590854468408	727306	0.031604293196165076	#A9A9A9	8	7	1.0321090119303247	12-asom
6	pbs0_12wk_cb_a1	pbs0	12	glia	Bergmann glia	465	1996747	483	343911	18	Bergmann glia	_ctl	241.89343967963893	1996747	0.04059061282013951	#A9A9A9	7	8	1.041425671944339	12-asom
6	pbs0_12wk_cb_a1	pbs0	12	glia	microglia	19	36418	4	3511	2	microglia	_ctl	109.8357954857488	36418	0.13707250864461004	#A9A9A9	11	4	1.1469113064898475	12-asom
6	pbs0_12wk_cb_a1	pbs0	12	glia	oligodendrocyte	117	370220	84	54326	12	oligodendrocyte	_ctl	226.8921181999892	370220	0.008768624027497406	#A9A9A9	9	6	1.0088071810260417	12-asom
6	pbs0_12wk_cb_a1	pbs0	12	glia	OPC	24	102066	19	11322	0	OPC	_ctl	186.1540571786883	102066	0.022997150259097064	#A9A9A9	10	5	1.0232636235068602	12-asom
6	pbs0_12wk_cb_a1	pbs0	12	neuron	Golgi	70	775170	44	126672	10	Golgi	_ctl	56.76174258549737	775170	0.12062677758713981	#A9A9A9	4	11	1.1282037628504442	12-asom
6	pbs0_12wk_cb_a1	pbs0	12	neuron	granule	5348	15032369	2894	1419981	130	granule	_ctl	192.51789255572425	15032369	0.042121728385420734	#A9A9A9	1	14	1.0430214363388401	12-asom
6	pbs0_12wk_cb_a1	pbs0	12	neuron	MLI	410	2597031	394	305566	36	MLI	_ctl	151.7117046350236	2597031	0.06351834112231708	#A9A9A9	3	12	1.0655790295375585	12-asom
6	pbs0_12wk_cb_a1	pbs0	12	neuron	PLI	31	239197	27	27196	5	PLI	_ctl	112.87766987044152	239197	0.11498289893267613	#A9A9A9	5	10	1.1218542525027966	12-asom
6	pbs0_12wk_cb_a1	pbs0	12	neuron	Purkinje	204	4852105	152	1795928	30	Purkinje	_ctl	31.32660979100823	4852105	0.05970786635040925	#A9A9A9	2	13	1.0615263936650008	12-asom
6	pbs0_12wk_cb_a1	pbs0	12	neuron	UBC	4	26488	3	2554	0	UBC	_ctl	113.25883418906675	26488	0.1286371004183198	#A9A9A9	6	9	1.1372773318012086	12-asom
6	pbs0_12wk_cb_a1	pbs0	12	other	endothelial stalk	61	231129	38	24096	4	endothelial stalk	_ctl	164.41035092956747	231129	0.22250438561652142	#A9A9A9	12	3	1.2492012981564915	12-asom
6	pbs0_12wk_cb_a1	pbs0	12	other	fibroblast	74	256667	29	39380	4	fibroblast	_ctl	112.98686625082306	256667	0.0837963990807228	#A9A9A9	13	2	1.0874074741076065	12-asom
6	pbs0_12wk_cb_a1	pbs0	12	other	pericyte	34	76831	5	15858	0	pericyte	_ctl	65.07789824419831	76831	0.06050018610239816	#A9A9A9	14	1	1.062367795279501	12-asom
7	pbs0_12wk_cb_a3	pbs0	12	glia	astrocyte	203	896422	289	85676	14	astrocyte	_ctl	322.3928016046014	896422	-0.2300059239032351	#A9A9A9	8	7	0.7945288957770968	12-asom
7	pbs0_12wk_cb_a3	pbs0	12	glia	Bergmann glia	350	1870128	361	259273	37	Bergmann glia	_ctl	193.03491525713747	1870128	-0.1623881021093889	#A9A9A9	7	8	0.8501112105546627	12-asom
7	pbs0_12wk_cb_a3	pbs0	12	glia	microglia	16	53468	2	3440	2	microglia	_ctl	37.40555098376599	53468	-0.24118147477154545	#A9A9A9	11	4	0.7856990288980407	12-asom
7	pbs0_12wk_cb_a3	pbs0	12	glia	oligodendrocyte	91	424742	100	53131	14	oligodendrocyte	_ctl	235.43704178065744	424742	-0.1400632775454141	#A9A9A9	9	6	0.8693032262840235	12-asom
7	pbs0_12wk_cb_a3	pbs0	12	glia	OPC	16	70512	9	6133	1	OPC	_ctl	127.63784887678693	70512	-0.19787454279517036	#A9A9A9	10	5	0.8204727809029121	12-asom
7	pbs0_12wk_cb_a3	pbs0	12	neuron	Golgi	58	867977	46	114524	12	Golgi	_ctl	52.99679599805064	867977	-0.09517286562380746	#A9A9A9	4	11	0.9092157487350373	12-asom
7	pbs0_12wk_cb_a3	pbs0	12	neuron	granule	5586	19153945	3255	1547169	216	granule	_ctl	169.93888204231556	19153945	-0.10886630631288383	#A9A9A9	1	14	0.8968503127085378	12-asom
7	pbs0_12wk_cb_a3	pbs0	12	neuron	MLI	325	2612042	366	268736	31	MLI	_ctl	140.12025840319566	2612042	-0.07004318504362576	#A9A9A9	3	12	0.9323535553075797	12-asom
7	pbs0_12wk_cb_a3	pbs0	12	neuron	PLI	27	203362	26	17186	6	PLI	_ctl	127.85082758824166	203362	-0.17124930530292584	#A9A9A9	5	10	0.8426114797737578	12-asom
7	pbs0_12wk_cb_a3	pbs0	12	neuron	Purkinje	162	4788915	204	1548811	35	Purkinje	_ctl	42.598375623706	4788915	-0.0740474695205936	#A9A9A9	2	13	0.9286276112874888	12-asom
7	pbs0_12wk_cb_a3	pbs0	12	neuron	UBC	4	31453	2	2481	1	UBC	_ctl	63.586939242679556	31453	-0.07669053759247307	#A9A9A9	6	9	0.9261764260491092	12-asom
7	pbs0_12wk_cb_a3	pbs0	12	other	endothelial stalk	68	247871	46	19918	5	endothelial stalk	_ctl	185.58040270947387	247871	-0.057720114022979364	#A9A9A9	12	3	0.9439140987887076	12-asom
7	pbs0_12wk_cb_a3	pbs0	12	other	fibroblast	62	316146	45	38727	5	fibroblast	_ctl	142.33929893150633	316146	-0.1346970374856756	#A9A9A9	13	2	0.8739806549590632	12-asom
7	pbs0_12wk_cb_a3	pbs0	12	other	pericyte	23	69811	5	12279	0	pericyte	_ctl	71.62195069544914	69811	-0.09627153482776075	#A9A9A9	14	1	0.9082173699365991	12-asom
8	asom_12wk_cb_b2	asom	12	glia	astrocyte	171	688380	303	13530	13	astrocyte	asom	440.1638629826549	688380	0.03598267996840145	#FF00FF	8	7	0.15844730089436868	12-asom
8	asom_12wk_cb_b2	asom	12	glia	Bergmann glia	403	1969625	632	82078	33	Bergmann glia	asom	320.8732626769055	1969625	0.06230556660235609	#FF00FF	7	8	0.25223746981260803	12-asom
8	asom_12wk_cb_b2	asom	12	glia	microglia	22	55563	0	2660	0	microglia	asom	0	55563	0.015100626309944758	#FF00FF	11	4	0.5647007893665209	12-asom
8	asom_12wk_cb_b2	asom	12	glia	oligodendrocyte	147	635844	241	16691	16	oligodendrocyte	asom	379.0237857084442	635844	0.36440687238574965	#FF00FF	9	6	0.19041076076644992	12-asom
8	asom_12wk_cb_b2	asom	12	glia	OPC	18	91702	11	8195	4	OPC	asom	119.95376327670061	91702	0.08286471286479315	#FF00FF	10	5	0.8268295785955516	12-asom
8	asom_12wk_cb_b2	asom	12	neuron	Golgi	70	951115	99	68031	20	Golgi	asom	104.08835945180131	951115	0.23796246424559184	#FF00FF	4	11	0.5026775121175859	12-asom
8	asom_12wk_cb_b2	asom	12	neuron	granule	5778	19762506	4282	999013	211	granule	asom	216.67292599430456	19762506	-0.0331335870283305	#FF00FF	1	14	0.5580026513511196	12-asom
8	asom_12wk_cb_b2	asom	12	neuron	MLI	285	2030815	380	15575	29	MLI	asom	187.1169949010619	2030815	-0.06764047644666414	#FF00FF	3	12	0.06948890761010611	12-asom
8	asom_12wk_cb_b2	asom	12	neuron	PLI	32	262182	48	2773	5	PLI	asom	183.0789299036547	262182	-0.326284903502398	#FF00FF	5	10	0.11109279354896028	12-asom
8	asom_12wk_cb_b2	asom	12	neuron	Purkinje	154	3469311	225	193571	40	Purkinje	asom	64.85437598416516	3469311	-0.04904139190875842	#FF00FF	2	13	0.15994271644894445	12-asom
8	asom_12wk_cb_b2	asom	12	neuron	UBC	2	13111	1	56	0	UBC	asom	76.27183281214248	13111	-0.9054218821380867	#FF00FF	6	9	0.21375900158450267	12-asom
8	asom_12wk_cb_b2	asom	12	other	endothelial stalk	71	321145	54	16111	8	endothelial stalk	asom	168.1483442058883	321145	0.039406328473356844	#FF00FF	12	3	0.5887214217748843	12-asom
8	asom_12wk_cb_b2	asom	12	other	fibroblast	78	396038	67	31422	6	fibroblast	asom	169.1756851615249	396038	0.07856690101165845	#FF00FF	13	2	0.5620993396028587	12-asom
8	asom_12wk_cb_b2	asom	12	other	pericyte	26	87245	9	9281	0	pericyte	asom	103.15777408447475	87245	0.15617530981813402	#FF00FF	14	1	0.5526566899594778	12-asom
9	asom_12wk_cb_b3	asom	12	glia	astrocyte	212	1028567	437	24641	16	astrocyte	asom	424.8629403821044	1028567	0.26272472490257387	#FF00FF	8	7	0.19877312450852536	12-asom
9	asom_12wk_cb_b3	asom	12	glia	Bergmann glia	384	2113207	558	88170	32	Bergmann glia	asom	264.05363979960316	2113207	0.06361643644375016	#FF00FF	7	8	0.2525683371192622	12-asom
9	asom_12wk_cb_b3	asom	12	glia	microglia	18	61685	6	2918	0	microglia	asom	97.26837967090864	61685	0.0030414124319858046	#FF00FF	11	4	0.5579318379179498	12-asom
9	asom_12wk_cb_b3	asom	12	glia	oligodendrocyte	173	757464	238	13685	28	oligodendrocyte	asom	314.2063517210059	757464	-0.060936580163271956	#FF00FF	9	6	0.12444205487133049	12-asom
9	asom_12wk_cb_b3	asom	12	glia	OPC	16	103287	13	8078	3	OPC	asom	125.86288690735523	103287	-0.05231886196611271	#FF00FF	10	5	0.7222815541879819	12-asom
9	asom_12wk_cb_b3	asom	12	neuron	Golgi	33	488756	39	30595	7	Golgi	asom	79.7944168460336	488756	0.0834079265020819	#FF00FF	4	11	0.43069246526840094	12-asom
9	asom_12wk_cb_b3	asom	12	neuron	granule	5612	19727811	3823	1045993	182	granule	asom	193.78733910214368	19727811	0.014115051762099538	#FF00FF	1	14	0.5850002956906062	12-asom
9	asom_12wk_cb_b3	asom	12	neuron	MLI	230	1727459	274	14267	29	MLI	asom	158.6144736286071	1727459	0.004039112637136678	#FF00FF	3	12	0.07465270254308827	12-asom
9	asom_12wk_cb_b3	asom	12	neuron	PLI	23	176869	16	4198	1	PLI	asom	90.46243264789194	176869	0.5118893069126267	#FF00FF	5	10	0.25686227348462315	12-asom
9	asom_12wk_cb_b3	asom	12	neuron	Purkinje	143	3209304	162	239736	36	Purkinje	asom	50.478234533095026	3209304	0.27317162476531487	#FF00FF	2	13	0.22074953777746437	12-asom
9	asom_12wk_cb_b3	asom	12	neuron	UBC	8	91702	11	5458	0	UBC	asom	119.95376327670061	91702	0.3179325409134664	#FF00FF	6	9	0.7264746889247672	12-asom
9	asom_12wk_cb_b3	asom	12	other	endothelial stalk	88	408619	59	20364	10	endothelial stalk	asom	144.3887827046711	408619	0.03254397182976302	#FF00FF	12	3	0.5846952357771195	12-asom
9	asom_12wk_cb_b3	asom	12	other	fibroblast	96	538973	75	50077	9	fibroblast	asom	139.15353830340294	538973	0.26305254033470626	#FF00FF	13	2	0.6759805033680718	12-asom
9	asom_12wk_cb_b3	asom	12	other	pericyte	23	75288	2	6845	3	pericyte	asom	26.564658378493252	75288	-0.011863009738622468	#FF00FF	14	1	0.4671725499333331	12-asom
